Block Group ID,Population,Parcels,School Kids,Households,Square Miles,Violent Crime Rate,Property Crime Rate,Nuisance Calls Rate,Vice Calls Rate,Animal Calls Rate,Median Household Income,Assessed Value 2012,Foreclosure Starts,Estimated Tax Bill 2012,Land Value Per Acre 2012,% School Aged Children,Household Size,PopDen,% High School or More,% Bachelors or More,Unemployment Rate,% In Labor Force,% on Public Assistance,Poverty Rate,Child Poverty Rate,% Owner Occupied,% Renter Occupied,Vacant Structures,Vacant Lots,Out of Town Owners,City Demolitions,Blighted Properties,Certs of Compliance/Occupancy Issued,Population Under 9,Population 10-17,Population 18-21,Population 22-29,Population 30's,Population 40's,Population 50's,Population 60's,Population Over 70,American Indian Population,Asian Population,Black Population,All Other Population,White Population,% Commercial Land Use,% Industrial Land Use,% Other Land Use,% Residential Land Use,% Vacant Land Use
360550002001,627,443,104,296,0.41,30.3,312.6,652.3,165.9,2165.9,"12,640","32,300",3,1400.63,"84,967",16.6,2.1,1545.3,63.15,5.54,35.59,63.4,31.24,58.7,73.70,7.67,92.33,20,70,45,0,13,33,94,66,41,132,92,89,54,36,22,5,18,268,98,243,53.5,2.4,9.2,18.1,16.9
360550002002,1365,428,401,466,0.16,20.5,47.6,209.5,180.2,132.6,"12,640","28,000",4,886.23,"38,614",29.4,2.9,8634.8,63.15,5.54,27.12,62.8,31.24,58.7,73.70,19.86,80.14,47,41,56,2,33,46,244,245,125,156,178,173,147,59,32,8,201,609,204,351,15.1,1.0,1.2,73.0,9.8
360550002003,597,174,131,234,0.06,10.1,85.4,217.8,241.2,118.9,"12,640","33,000",4,1081.61,"40,992",21.9,2.5,9287.6,63.15,5.54,36.16,61.2,31.24,58.7,73.70,11.49,88.51,18,21,22,0,17,21,108,78,36,90,94,69,72,32,13,9,8,294,98,197,28.5,1.7,1.2,56.4,12.2
360550007001,861,269,217,329,0.07,10.5,55.7,288.0,188.2,82.5,"14,022","22,000",3,687.73,"28,956",25.2,2.6,13070.2,50.97,4.06,19.89,55.2,29.70,44,56.90,27.88,72.12,28,46,26,1,26,17,170,108,55,90,96,115,75,71,67,10,10,298,280,273,8.6,0.0,0.8,72.7,18.0
360550007002,691,336,173,219,0.09,24.6,68.0,169.3,118.7,102.7,"14,022","18,600",4,590.82,"28,560",25.0,3.0,7923.9,50.97,4.06,15.67,39.8,29.70,44,56.90,27.38,72.62,20,115,22,3,11,15,129,95,68,62,95,110,65,24,39,5,3,498,101,89,9.5,0.3,0.6,54.6,35.1
360550007003,535,262,124,183,0.07,9.3,54.2,82.2,119.6,102.8,"14,022","18,800",4,611.14,"27,239",23.2,2.9,7777.5,50.97,4.06,0.00,35.7,29.70,44,56.90,25.57,74.43,22,82,20,2,10,9,79,82,48,61,73,63,65,24,32,0,4,392,88,51,9.6,0.0,1.6,56.2,32.7
360550010001,1659,362,41,782,0.26,1.2,44.6,42.2,4.2,18.7,"29,007","121,100",0,4048.23,"75,433",2.5,1.5,6401.4,92.03,49.78,0.00,76.0,39.87,21.2,0.00,24.03,75.97,6,18,73,0,6,40,57,27,290,603,238,164,143,86,44,7,90,196,71,1302,38.3,2.3,4.7,48.7,6.0
360550010002,1359,185,28,882,0.11,3.7,60.3,103.0,5.9,14.7,"29,007","181,500",1,6111.42,"121,142",2.1,1.3,12105.7,92.03,49.78,11.16,70.1,39.87,21.2,0.00,27.57,72.43,2,9,15,0,4,29,28,12,62,474,195,150,159,85,183,2,42,209,61,1047,42.0,0.0,5.0,48.1,5.0
360550010003,650,174,25,410,0.16,7.7,120.0,184.6,15.4,36.9,"29,007","125,000",0,4220.17,"72,350",3.8,1.6,4022.5,92.03,49.78,18.45,66.5,39.87,21.2,0.00,26.44,73.56,3,4,12,0,2,31,54,18,42,204,114,102,65,29,21,4,7,122,42,479,35.1,4.2,4.8,53.6,2.4
360550013001,1843,53,392,617,0.15,8.7,87.9,93.9,45.0,22.8,"24,012","45,700",1,1428.60,"34,073",21.3,2.7,11903.6,60.30,4.36,27.56,58.7,6.06,37.8,46.30,13.21,86.79,0,7,3,0,1,4,508,307,148,220,216,149,148,65,77,8,1,1124,470,248,47.2,0.0,13.2,26.4,13.2
360550015001,1021,571,281,377,0.16,19.6,74.4,220.4,65.6,148.9,"22,625","18,000",3,578.32,"28,925",27.5,2.7,6234.7,69.10,3.93,7.12,39.5,8.90,47.2,59.20,18.04,81.96,40,191,61,3,22,32,220,124,79,121,103,131,111,57,68,3,1,584,260,176,13.3,0.7,1.5,49.7,34.8
360550018001,836,317,91,428,0.16,1.2,22.7,70.6,9.6,33.5,"36,004","81,000",6,2532.10,"52,842",10.9,2.0,5316.9,86.39,20.51,12.60,65.3,30.63,20.1,34.00,77.92,22.08,1,3,22,0,2,7,108,51,28,111,128,118,120,78,90,9,6,89,57,684,7.0,1.0,0.0,91.0,1.0
360550018002,1137,571,95,554,0.23,0.9,39.6,105.5,5.3,52.8,"36,004","75,500",6,2375.80,"60,314",8.4,2.1,4930.2,86.39,20.51,8.44,49.3,30.63,20.1,34.00,76.18,23.82,10,14,15,0,5,11,120,76,41,141,192,190,173,96,98,8,11,170,60,896,7.9,0.4,0.4,89.0,2.5
360550018003,1158,266,181,531,0.36,2.6,41.5,48.4,0.9,26.8,"36,004","64,600",3,2031.93,"45,385",15.6,2.2,3205.5,86.39,20.51,0.00,58.6,30.63,20.1,34.00,56.02,43.98,2,12,41,0,0,17,179,106,73,254,158,148,120,61,50,6,22,620,140,376,11.7,3.9,0.4,78.7,5.2
360550018004,566,337,56,260,0.72,3.5,91.9,162.5,17.7,37.1,"36,004","64,000",3,2031.93,"53,035",9.9,2.2,780.8,86.39,20.51,35.38,83.7,30.63,20.1,34.00,46.59,53.41,4,34,49,0,1,22,56,55,26,79,72,98,93,42,41,1,22,99,42,403,20.7,2.0,0.3,65.6,11.4
360550018005,771,309,211,290,0.22,6.5,45.4,64.9,15.6,96.0,"36,004","52,800",10,1656.81,"60,416",27.4,2.7,3515.1,86.39,20.51,3.77,82.5,30.63,20.1,34.00,54.69,45.31,13,3,28,0,10,19,139,98,39,111,126,110,95,30,19,7,48,261,90,372,7.9,1.3,3.6,86.1,1.0
360550018006,714,229,137,290,0.14,2.8,15.4,63.0,4.2,53.2,"36,004","67,050",2,2096.02,"41,637",19.2,2.5,5250.1,86.39,20.51,17.18,83.0,30.63,20.1,34.00,65.50,34.50,4,12,6,0,3,3,142,82,38,103,96,105,69,43,32,0,27,287,62,338,3.9,0.0,0.4,90.4,5.2
360550019001,901,393,165,363,0.54,5.5,52.2,104.3,7.8,66.6,"28,359","65,000",8,2031.93,"45,165",18.3,2.5,1662.9,80.31,15.60,5.66,76.8,44.19,20.5,19.40,59.54,40.46,5,32,10,0,2,15,158,99,42,133,144,116,126,54,25,3,8,202,100,591,12.7,1.3,0.8,77.1,8.1
360550019002,781,246,233,283,0.11,5.1,74.3,162.6,93.5,87.1,"28,359","48,000",6,1563.02,"56,565",29.8,2.8,6969.8,80.31,15.60,4.31,58.1,44.19,20.5,19.40,31.71,68.29,9,17,21,0,13,14,181,108,57,96,132,84,81,27,14,3,40,337,106,298,20.1,0.0,1.2,71.7,7.0
360550019003,848,231,196,301,0.08,10.6,60.1,156.8,74.3,81.4,"28,359","57,000",6,1781.85,"52,715",23.1,2.8,10611.1,80.31,15.60,0.80,72.5,44.19,20.5,19.40,53.25,46.75,7,2,20,0,13,23,187,131,49,110,119,104,85,37,22,0,53,349,99,347,7.8,0.0,0.9,90.5,0.9
360550020001,425,118,56,223,0.20,4.7,30.6,105.9,21.2,91.8,"35,938","105,000",3,3438.65,"49,024",13.2,1.9,2143.0,78.42,18.78,0.00,45.3,11.82,28.1,41.80,50.00,50.00,6,7,4,0,4,7,36,32,24,62,89,61,77,22,16,3,13,132,33,247,18.6,0.0,4.2,71.2,5.9
360550020002,573,179,102,236,0.05,7.0,29.7,90.8,61.1,83.8,"35,938","77,150",1,2438.32,"50,308",17.8,2.4,10457.3,78.42,18.78,18.11,53.0,11.82,28.1,41.80,55.87,44.13,6,3,9,0,9,10,86,73,20,71,104,82,74,32,25,4,16,205,46,306,11.2,0.0,0.6,86.6,1.7
360550020003,1021,239,271,407,0.09,16.7,64.6,164.5,81.3,67.6,"35,938","70,000",8,2188.23,"45,610",26.5,2.5,10967.9,78.42,18.78,12.77,62.4,11.82,28.1,41.80,45.61,54.39,7,2,19,0,20,25,194,135,71,135,145,147,106,49,33,1,23,465,135,398,13.4,0.0,0.8,84.9,0.8
360550020004,1013,249,244,344,0.07,9.9,41.5,376.1,986.2,75.0,"35,938","66,600",6,2081.95,"54,974",24.1,2.9,13689.1,78.42,18.78,22.75,58.0,11.82,28.1,41.80,60.24,39.76,14,1,18,0,11,16,179,160,63,117,157,124,121,55,32,8,66,437,138,372,7.2,0.0,0.4,92.0,0.4
360550020005,773,243,159,280,0.06,1.3,18.1,73.7,44.0,54.3,"35,938","60,000",8,1875.63,"53,901",20.6,2.8,13833.2,78.42,18.78,0.00,60.3,11.82,28.1,41.80,63.79,36.21,6,1,16,0,7,12,112,109,57,96,109,132,99,32,24,1,8,277,93,395,2.1,0.0,0.0,97.5,0.4
360550020006,1007,303,218,365,0.10,7.9,39.7,157.9,35.7,77.5,"35,938","60,000",6,1875.63,"50,331",21.6,2.8,10506.0,78.42,18.78,13.50,68.9,11.82,28.1,41.80,64.36,35.64,5,5,16,0,13,21,181,150,62,134,170,144,91,47,26,4,80,359,124,444,6.3,0.0,1.0,91.1,1.7
360550021001,992,297,172,371,0.10,6.0,35.3,82.7,31.3,52.4,"39,700","75,000",8,2391.43,"49,333",17.3,2.7,9489.7,87.62,22.36,6.56,73.0,23.72,10.1,7.10,70.37,29.63,7,5,19,0,12,23,138,123,64,105,112,159,140,82,57,6,27,413,90,462,5.1,0.0,0.3,92.9,1.7
360550021002,534,106,105,235,0.05,13.1,52.4,74.9,15.0,78.7,"39,700","75,000",4,2344.54,"48,904",19.7,2.1,10323.4,87.62,22.36,6.38,50.5,23.72,10.1,7.10,46.23,53.77,5,3,8,0,6,9,78,59,25,53,71,89,83,38,38,0,3,271,37,223,16.0,0.0,1.9,79.2,2.8
360550021003,1186,317,352,379,0.08,6.7,27.8,98.7,21.9,63.2,"39,700","60,000",8,1875.63,"50,376",29.7,3.1,15055.0,87.62,22.36,16.40,68.0,23.72,10.1,7.10,60.57,39.43,7,1,18,0,11,16,262,174,72,157,182,155,106,43,31,13,74,478,178,456,2.2,0.0,0.0,97.5,0.3
360550021004,865,296,209,300,0.17,4.6,23.1,152.6,19.7,83.2,"39,700","58,000",7,1813.11,"49,636",24.2,2.9,5057.6,87.62,22.36,4.41,52.7,23.72,10.1,7.10,63.18,36.82,13,8,14,0,2,14,157,117,62,103,114,126,102,48,30,6,24,322,107,412,1.4,0.0,0.7,95.3,2.7
360550022001,817,180,197,302,0.06,14.7,42.8,115.1,33.0,39.2,"30,781","70,000",2,2188.23,"51,512",24.1,2.7,13207.4,62.97,9.54,2.18,54.7,10.93,38.9,52.50,52.78,47.22,7,2,15,1,10,12,148,118,62,107,104,128,94,29,21,1,98,327,104,288,8.3,0.0,0.6,90.0,1.1
360550022002,773,176,181,280,0.04,10.3,44.0,99.6,71.2,75.0,"30,781","40,000",7,1250.42,"42,085",23.4,2.7,17226.6,62.97,9.54,23.37,66.4,10.93,38.9,52.50,25.57,74.43,20,6,35,2,13,19,159,108,52,101,108,94,85,44,17,9,35,332,158,248,9.8,0.0,0.6,86.1,3.5
360550022003,736,200,195,241,0.06,13.6,103.3,239.1,73.4,104.6,"30,781","53,250",4,1688.07,"54,233",26.5,3.0,12765.7,62.97,9.54,8.79,60.4,10.93,38.9,52.50,41.00,59.00,10,4,35,1,9,27,154,119,64,100,78,81,78,32,28,1,64,326,102,244,9.6,0.0,1.5,86.9,2.0
360550022004,713,180,230,221,0.06,8.4,42.1,217.4,22.4,133.2,"30,781","48,000",2,1500.50,"57,340",32.3,3.2,12439.2,62.97,9.54,8.00,78.5,10.93,38.9,52.50,44.44,55.56,12,0,17,0,9,18,146,146,42,68,101,83,75,30,21,0,36,342,102,233,4.4,0.6,0.6,94.4,0.0
360550023001,1207,269,233,670,0.22,25.7,198.0,390.2,96.9,100.2,"19,861","34,000",2,1094.12,"42,388",19.3,1.8,5557.5,67.08,8.04,23.35,45.3,31.39,47.6,58.00,16.36,83.64,10,38,25,0,10,32,175,108,74,154,134,197,198,92,61,6,68,586,211,342,28.1,0.0,3.0,54.4,14.4
360550023002,919,268,256,377,0.08,26.1,56.6,284.0,145.8,126.2,"19,861","31,000",0,1000.34,"38,234",27.9,2.4,11093.2,67.08,8.04,15.48,50.5,31.39,47.6,58.00,29.10,70.90,19,23,49,1,20,16,179,130,80,119,108,129,98,45,24,13,44,426,189,260,15.0,0.0,0.0,76.3,8.6
360550023003,845,246,311,256,0.06,11.8,35.5,120.7,56.8,101.8,"19,861","29,900",5,934.69,"36,645",36.8,3.3,13492.8,67.08,8.04,7.32,42.4,31.39,47.6,58.00,26.02,73.98,32,15,37,3,25,20,199,135,69,106,106,93,79,40,15,3,110,373,108,254,2.0,0.0,0.8,91.0,6.1
360550023004,1283,353,367,446,0.11,12.5,39.8,191.0,159.0,117.7,"19,861","36,000",10,1156.64,"33,896",28.6,2.8,11986.6,67.08,8.04,16.23,65.6,31.39,47.6,58.00,28.33,71.67,21,21,53,3,16,31,269,186,87,168,161,144,167,62,35,12,66,519,240,458,6.9,0.0,0.3,86.7,6.1
360550024001,761,233,143,321,0.08,5.3,38.1,71.0,46.0,86.7,"21,099","42,250",4,1336.39,"31,635",18.8,2.4,9462.3,71.94,9.76,20.46,59.3,0.00,50.9,61.10,55.79,44.21,8,12,14,0,6,8,105,108,46,84,80,86,114,72,58,8,46,333,104,278,2.1,0.0,0.0,92.7,5.2
360550024002,1199,344,288,419,0.16,22.5,53.4,178.5,29.2,103.4,"21,099","28,000",10,875.29,"37,864",24.0,2.7,7484.1,71.94,9.76,15.04,57.5,0.00,50.9,61.10,20.64,79.36,32,34,53,1,23,20,272,170,70,142,138,163,157,46,35,8,5,629,152,413,5.9,0.6,1.5,82.1,10.0
360550024003,807,265,232,287,0.07,9.9,58.2,135.1,22.3,95.4,"21,099","32,000",3,1000.34,"38,561",28.7,2.8,11109.9,71.94,9.76,46.13,58.0,0.00,50.9,61.10,36.23,63.77,16,5,25,1,13,10,159,101,63,97,125,114,87,29,28,6,36,375,116,280,3.4,2.3,0.0,92.5,1.9
360550024004,806,252,216,267,0.06,8.7,54.6,80.6,50.9,94.3,"21,099","34,000",4,1062.86,"39,172",26.8,3.0,14469.2,71.94,9.76,20.00,51.2,0.00,50.9,61.10,39.68,60.32,16,9,25,0,10,20,159,124,66,102,94,101,90,45,23,3,50,359,133,264,2.0,0.0,0.0,94.4,3.6
360550027001,657,180,226,216,0.07,16.7,47.2,172.0,54.8,74.6,"25,725","32,050",0,1014.40,"35,511",34.4,3.0,9982.7,56.51,9.73,35.54,35.9,31.49,41,49.60,25.00,75.00,14,26,12,1,7,14,194,104,43,82,78,58,47,27,21,13,0,573,54,30,7.9,1.1,2.8,73.6,14.6
360550027002,775,321,226,291,0.09,25.8,49.0,180.6,58.1,77.4,"25,725","28,000",1,876.86,"37,808",29.2,2.7,8849.2,56.51,9.73,0.00,53.8,31.49,41,49.60,27.41,72.59,27,62,26,1,21,35,155,124,54,71,79,119,94,41,33,9,6,679,48,42,5.5,0.0,2.6,72.0,19.9
360550029001,598,143,5,345,0.05,1.7,28.4,78.6,3.3,6.7,"35,769","238,000",0,7854.49,"85,278",0.8,1.7,11265.1,94.81,65.16,0.00,84.1,43.46,16.9,27.30,45.45,54.55,1,7,12,0,4,18,19,7,38,267,95,46,41,51,27,3,13,6,17,562,16.7,0.0,2.2,76.1,5.1
360550029002,1118,200,4,734,0.09,1.8,43.8,100.2,5.4,23.3,"35,769","206,000",0,7336.84,"92,769",0.4,1.5,12369.6,94.81,65.16,3.24,89.4,43.46,16.9,27.30,31.00,69.00,0,3,19,0,5,36,18,13,64,555,202,93,72,63,27,4,38,54,39,987,34.6,0.0,3.1,60.7,1.6
360550029003,726,156,10,482,0.05,4.1,79.9,177.7,20.7,41.3,"35,769","161,950",0,6037.59,"109,695",1.4,1.5,14008.4,94.81,65.16,9.09,87.6,43.46,16.9,27.30,28.85,71.15,4,2,6,0,4,28,13,4,53,366,134,62,53,22,16,2,23,54,17,632,41.7,0.0,1.3,55.8,1.3
360550029004,1298,198,33,815,0.12,10.0,93.2,176.4,7.7,30.0,"35,769","170,000",2,7917.87,"172,119",2.5,1.4,11201.5,94.81,65.16,9.32,69.4,43.46,16.9,27.30,16.16,83.84,2,5,23,1,12,36,32,22,76,602,208,102,75,27,145,3,38,121,58,1081,56.6,0.0,3.0,37.9,2.5
360550030001,785,246,40,474,0.06,12.7,87.9,265.0,86.6,44.6,"31,337","104,500",3,3344.87,"62,427",5.1,1.7,13044.6,95.11,54.50,5.07,75.5,6.12,20.9,0.00,38.62,61.38,3,9,13,0,6,42,47,34,51,282,146,76,91,32,17,5,15,115,49,606,18.4,0.0,1.2,76.6,3.7
360550030002,1139,332,86,643,0.11,14.0,90.4,365.2,70.2,65.0,"31,337","99,100",2,3126.05,"62,038",7.6,1.8,10594.8,95.11,54.50,5.16,86.6,6.12,20.9,0.00,34.34,65.66,5,12,24,0,13,62,77,36,126,376,178,154,114,44,27,5,27,246,82,784,20.9,0.0,0.9,74.5,3.7
360550031001,855,209,23,516,0.07,5.8,25.7,149.7,5.8,14.0,"49,935","233,500",4,7736.97,"109,337",2.7,1.7,11856.8,97.18,67.30,7.23,90.7,17.95,13.3,4.70,46.41,53.59,0,3,14,0,2,25,31,12,56,379,141,80,78,47,25,0,11,16,30,798,20.7,1.5,1.0,75.3,1.5
360550031002,1044,247,34,569,0.09,1.0,13.4,75.7,8.6,16.3,"49,935","206,000",4,6955.46,"98,980",3.3,1.8,11756.5,97.18,67.30,1.87,79.1,17.95,13.3,4.70,50.61,49.39,1,3,26,0,3,27,47,23,75,382,158,113,87,87,54,5,32,55,36,921,20.6,0.0,0.9,77.3,1.3
360550031003,561,199,35,266,0.06,1.8,26.7,89.1,5.3,23.2,"49,935","185,000",,5939.49,"94,683",6.2,2.1,9181.3,97.18,67.30,0.00,83.5,17.95,13.3,4.70,75.88,24.12,3,2,5,0,2,11,44,30,20,161,77,79,68,50,27,1,13,27,18,503,8.0,0.0,0.5,90.5,1.0
360550031004,955,254,28,429,0.09,2.1,23.0,53.4,10.5,34.6,"49,935","220,000",,7127.39,"80,382",2.9,1.9,10667.9,97.18,67.30,0.00,79.9,17.95,13.3,4.70,70.87,29.13,3,1,7,0,6,30,56,23,27,266,158,125,128,96,68,2,19,59,25,852,9.1,0.0,1.2,89.4,0.4
360550031005,1211,249,20,806,0.07,5.8,52.0,127.2,11.6,27.3,"49,935","170,000",1,5783.19,"102,964",1.7,1.5,16556.0,97.18,67.30,6.95,94.6,17.95,13.3,4.70,27.71,72.29,1,2,15,0,1,42,31,20,63,593,219,123,80,56,19,3,38,73,61,1039,32.5,0.0,0.0,66.7,0.8
360550032001,1027,245,62,561,0.11,7.8,87.6,202.5,82.8,47.7,"15,000","92,850",0,3126.05,"59,880",6.0,1.7,9455.6,78.86,31.04,25.69,65.2,37.47,43.7,40.30,23.27,76.73,4,13,19,0,6,42,58,49,68,275,146,138,169,73,43,3,29,311,53,634,34.5,0.4,1.7,57.8,5.6
360550032002,800,194,70,490,0.15,13.8,77.5,207.5,22.5,40.0,"15,000","87,500",2,2969.75,"55,702",8.8,1.6,5177.3,78.86,31.04,17.35,65.3,37.47,43.7,40.30,29.90,70.10,4,11,21,0,1,27,90,36,66,211,129,87,120,32,26,0,13,353,53,381,27.7,0.5,5.2,60.7,5.8
360550033001,789,317,55,416,0.09,7.6,67.2,209.1,19.0,29.2,"23,542","92,000",0,2907.23,"61,545",7.0,1.9,8749.4,85.45,32.74,4.64,93.5,64.52,36,58.80,54.89,45.11,2,4,9,0,6,28,64,48,28,183,167,118,104,37,36,7,10,87,37,655,13.9,0.6,1.6,82.6,1.3
360550033002,868,177,39,616,0.05,8.1,56.5,169.4,19.6,25.3,"23,542","75,000",0,2344.54,"64,715",4.5,1.4,16274.0,85.45,32.74,27.99,42.2,64.52,36,58.80,43.50,56.50,3,6,15,0,3,23,46,47,29,116,111,166,188,100,53,9,33,164,45,626,12.4,0.0,1.1,83.1,3.4
360550034001,1094,376,90,563,0.10,9.1,66.7,78.6,69.5,61.2,"28,988","91,250",6,2938.49,"52,856",8.2,1.9,11054.9,79.78,40.01,11.49,66.6,18.35,37.7,40.30,40.43,59.57,7,11,50,0,7,47,87,62,60,312,190,152,123,52,49,10,13,219,54,808,14.0,0.0,0.9,81.9,3.2
360550034002,1412,312,146,640,0.17,3.5,31.2,62.3,2.8,32.6,"28,988","120,000",2,3829.41,"89,847",10.3,2.1,8247.7,79.78,40.01,7.75,53.3,18.35,37.7,40.30,64.10,35.90,1,4,11,0,2,26,141,98,63,292,240,228,196,103,42,5,140,327,85,860,6.5,0.6,1.3,90.3,1.3
360550035001,744,126,19,140,0.19,4.0,60.5,65.9,5.4,28.2,"51,875","171,750",0,5400.25,"71,389",2.6,2.1,3935.5,78.44,42.46,4.29,24.6,40.82,9.7,2.30,84.92,15.08,0,3,3,0,2,4,32,9,11,39,51,46,56,53,445,1,7,38,11,688,4.0,0.0,4.8,88.7,2.4
360550035002,770,307,51,375,0.07,1.3,22.1,68.8,3.9,40.3,"51,875","120,000",4,3751.26,"76,376",6.6,2.1,11531.0,78.44,42.46,4.22,76.1,40.82,9.7,2.30,74.92,25.08,0,1,8,0,0,21,89,37,23,171,144,90,112,62,38,2,22,68,37,643,1.6,0.0,0.7,97.4,0.3
360550036001,968,398,71,478,0.09,3.1,26.9,103.3,17.6,49.6,"43,140","81,800",5,2563.36,"62,105",7.3,2.0,11138.5,90.53,47.41,10.02,72.4,18.32,18,22.00,61.06,38.94,7,13,11,0,7,27,73,61,52,250,175,126,126,56,45,11,29,130,85,724,4.3,0.3,0.3,91.9,3.3
360550036002,893,355,73,405,0.13,2.2,34.7,77.3,14.6,37.0,"43,140","150,000",3,4689.07,"77,831",8.2,2.1,6875.9,90.53,47.41,4.26,57.3,18.32,18,22.00,75.21,24.79,1,23,5,0,0,11,111,70,25,91,162,143,153,84,49,2,22,105,39,727,1.2,0.0,0.3,91.9,6.6
360550036003,842,378,60,402,0.07,3.6,46.3,91.4,21.4,64.1,"43,140","87,700",2,2813.44,"72,028",7.1,2.1,12097.1,90.53,47.41,6.18,78.5,18.32,18,22.00,62.17,37.83,5,6,28,0,9,30,93,57,44,136,162,124,116,51,56,1,39,102,47,654,9.4,0.0,0.3,88.6,1.7
360550037001,864,225,38,421,0.09,0.0,9.3,83.3,6.9,19.7,"30,956","140,000",2,4457.75,"100,205",4.4,2.1,10092.3,90.73,51.51,13.44,76.2,90.74,18.6,28.30,43.11,56.89,1,4,11,0,2,28,65,26,32,374,172,93,59,21,18,2,16,75,46,727,11.1,0.0,0.4,86.7,1.8
360550037002,1053,263,47,416,0.15,4.7,19.9,91.2,7.6,28.5,"30,956","150,000",2,4782.85,"98,726",4.5,2.0,7096.6,90.73,51.51,7.31,77.0,90.74,18.6,28.30,50.57,49.43,2,13,22,0,2,24,74,117,57,294,154,90,111,69,79,4,16,115,47,875,5.7,0.0,0.8,88.3,5.3
360550037003,1157,339,87,576,0.11,5.2,46.7,108.0,41.5,39.8,"30,956","135,000",2,4301.44,"79,732",7.5,2.0,10176.3,90.73,51.51,8.06,68.3,90.74,18.6,28.30,50.44,49.56,6,11,16,0,2,29,112,57,73,361,205,119,120,67,36,6,28,159,63,907,10.5,0.0,0.6,85.5,3.3
360550038021,2320,11,0,0,0.15,0.9,9.9,3.9,0.4,0.0,-,"150,000",0,8238.97,14,0.0,0.0,15063.4,100.00,59.09,8.86,34.0,0.00,0,0.00,0.00,100.00,0,0,9,0,0,1,0,9,2172,139,0,0,0,0,0,5,427,107,123,1663,0.0,0.0,100.0,0.0,0.0
360550038051,1907,525,52,685,0.79,0.0,46.7,49.3,4.7,25.2,"27,018","121,000",1,3816.91,"60,145",2.7,1.8,2425.7,87.93,50.56,0.66,66.3,12.43,29.6,19.20,56.00,44.00,2,36,37,0,4,32,61,38,504,395,199,142,187,96,280,3,120,126,83,1578,11.2,0.0,3.8,77.8,7.2
360550038052,648,2,0,0,0.07,1.5,10.8,34.0,0.0,1.5,"27,018","15,248,250",0,837532.76,"31,870",0.0,0.0,9022.9,87.93,50.56,0.00,0.0,12.43,29.6,19.20,0.00,100.00,0,0,0,0,0,0,0,0,1,16,30,65,111,93,322,0,1,138,23,486,0.0,0.0,100.0,0.0,0.0
360550038053,2141,588,214,1099,0.32,3.3,47.6,77.5,11.2,29.0,"27,018","110,400",0,3530.87,"64,139",10.0,1.9,6661.3,87.93,50.56,4.74,53.9,12.43,29.6,19.20,60.03,39.97,5,9,50,0,1,25,309,122,129,499,286,213,208,142,225,2,122,671,138,1210,7.4,0.0,1.8,89.3,1.6
360550038054,2078,368,20,652,0.37,2.9,57.3,115.5,9.1,13.0,"27,018","136,000",1,4282.69,"64,487",1.0,2.0,5683.6,87.93,50.56,4.15,48.7,12.43,29.6,19.20,52.99,47.01,4,12,39,0,2,39,96,13,443,907,367,94,81,35,39,1,812,132,102,1032,7.0,0.0,1.7,87.9,3.4
360550038055,0,11,1,0,0.99,0.0,0.0,0.0,0.0,0.0,"27,018","79,750",0,2605.44,"122,159",0.0,0.0,0.0,87.93,50.56,0.00,0.0,12.43,29.6,19.20,0.00,100.00,0,4,3,0,0,0,0,0,0,0,0,0,0,0,0,0,0,0,0,0,0.0,0.0,50.0,0.0,50.0
360550038056,479,23,15,78,0.27,4.2,33.4,41.8,6.3,12.5,"27,018","536,300",0,29457.07,"55,732",3.1,2.0,1757.1,87.93,50.56,34.69,12.8,12.43,29.6,19.20,4.35,95.65,1,6,7,0,1,2,28,33,24,84,73,96,68,43,27,4,3,171,36,269,19.0,9.5,42.9,0.0,28.6
360550039001,983,222,209,358,0.13,11.2,37.6,168.9,76.3,84.4,"24,881","30,400",5,969.08,"27,067",21.3,2.8,7748.5,63.43,14.43,21.59,52.9,41.28,44.5,57.80,22.07,77.93,35,25,32,2,33,20,155,168,95,124,120,139,95,40,38,19,27,443,278,235,10.7,0.0,1.4,76.2,11.7
360550039002,1059,330,286,362,0.08,11.3,48.2,142.6,98.2,103.9,"24,881","42,000",4,1312.94,"39,578",27.0,2.9,13885.9,63.43,14.43,5.50,65.5,41.28,44.5,57.80,47.58,52.42,20,9,30,1,30,20,188,159,94,112,141,136,117,82,21,4,42,647,190,180,5.5,0.3,0.0,91.5,2.7
360550040001,643,225,176,239,0.06,21.8,51.3,217.7,42.0,163.3,"19,583","29,600",0,925.31,"36,418",27.4,2.7,11580.3,69.73,10.48,10.08,57.5,21.85,42.9,59.70,30.67,69.33,22,20,17,1,15,26,118,102,47,84,81,88,68,32,17,3,9,323,90,221,5.9,0.0,0.5,84.6,9.0
360550040002,684,216,215,225,0.08,5.8,39.5,426.9,176.9,172.5,"19,583","35,000",1,1094.12,"36,795",31.4,3.0,8343.9,69.73,10.48,0.00,68.9,21.85,42.9,59.70,31.94,68.06,16,7,25,0,12,14,139,112,39,72,100,96,69,28,26,5,37,283,62,302,7.5,1.4,1.9,86.0,3.3
360550041001,477,222,101,173,0.07,33.5,106.9,230.6,163.5,199.2,"12,071","19,000",0,593.95,"27,373",21.2,2.8,7237.1,60.91,3.17,39.20,37.5,43.14,61.8,93.90,23.42,76.58,17,48,19,6,11,19,95,59,26,63,52,68,57,31,25,7,13,214,89,161,13.7,0.0,0.5,63.0,22.7
360550041002,750,259,167,252,0.08,25.3,57.3,382.7,232.0,148.0,"12,071","25,000",2,781.51,"37,870",22.3,2.8,9478.9,60.91,3.17,15.09,51.6,43.14,61.8,93.90,26.25,73.75,18,45,26,7,17,27,151,93,55,101,69,113,90,48,27,2,76,279,110,285,10.3,1.2,0.8,70.0,17.8
360550046021,636,163,164,211,0.06,7.9,36.2,122.6,23.6,51.9,"21,353","55,000",5,1719.33,"47,316",25.8,3.0,10976.3,68.65,7.61,12.68,77.2,0.00,29.4,38.70,42.94,57.06,11,1,19,0,12,8,125,102,49,83,72,78,76,29,20,0,2,347,136,151,0.6,0.0,0.6,98.1,0.6
360550046022,1810,291,311,1012,0.20,8.8,35.4,109.9,39.8,69.6,"21,353","43,000",3,1344.20,"38,185",17.2,1.8,9245.6,68.65,7.61,20.73,50.3,0.00,29.4,38.70,29.21,70.79,26,15,48,0,34,31,268,166,91,197,144,172,214,252,270,12,43,869,284,614,10.3,0.7,1.4,82.4,5.2
360550047011,2017,123,333,1130,0.15,4.0,16.4,66.4,6.4,17.8,"19,008","58,400",3,1863.75,"61,726",16.5,1.7,13117.2,74.15,22.13,8.48,40.0,39.81,31.5,42.90,25.20,74.80,5,6,20,0,1,15,273,176,102,188,190,240,309,266,246,11,49,779,426,763,43.1,0.0,1.8,49.5,5.5
360550047012,1016,438,71,456,0.71,3.0,43.3,68.9,3.9,65.0,"19,008","94,000",7,2950.99,"60,774",7.0,2.2,1426.8,74.15,22.13,2.00,68.7,39.81,31.5,42.90,76.48,23.52,7,10,39,0,0,10,120,72,35,102,155,131,180,109,102,6,16,228,87,685,5.4,0.0,2.2,90.0,2.4
360550047021,691,176,115,354,0.10,14.5,39.1,62.2,33.3,68.0,"30,694","56,500",2,1766.22,"35,619",16.6,2.0,6791.8,70.03,5.49,13.87,59.5,30.77,39.2,67.60,70.45,29.55,2,4,8,0,0,7,73,60,41,68,109,130,113,61,32,4,41,274,138,238,2.9,1.1,0.0,93.7,2.3
360550047022,875,353,148,346,0.09,4.6,21.7,123.4,6.9,82.3,"30,694","56,000",8,1750.59,"35,779",16.9,2.5,9511.7,70.03,5.49,2.92,61.1,30.77,39.2,67.60,62.04,37.96,11,14,12,0,2,9,125,108,55,82,99,142,117,69,63,15,47,318,192,318,7.9,0.0,0.3,87.8,4.0
360550047023,623,269,116,213,0.14,20.9,53.0,457.5,130.0,112.4,"30,694","30,000",8,986.27,"30,360",18.6,2.9,4484.5,70.03,5.49,25.91,52.6,30.77,39.2,67.60,23.42,76.58,18,28,24,1,18,24,113,76,51,74,88,76,76,38,22,10,19,275,184,145,24.4,6.2,1.9,56.6,10.9
360550048001,827,255,226,279,0.05,14.5,65.3,299.9,70.1,110.0,"23,630","32,000",3,1000.34,"32,738",27.3,3.0,15744.4,83.07,10.83,21.74,47.5,47.54,48,68.00,28.24,71.76,20,12,26,0,10,18,172,147,70,96,96,112,71,33,26,9,3,425,222,177,7.0,0.0,0.4,87.7,4.9
360550048002,821,247,242,280,0.05,7.3,45.1,191.2,36.5,106.0,"23,630","31,000",4,969.08,"26,607",29.5,2.9,15075.3,83.07,10.83,16.36,75.6,47.54,48,68.00,38.06,61.94,15,8,23,0,11,21,158,151,61,75,105,111,75,41,40,15,11,410,201,199,5.7,0.4,0.0,90.6,3.3
360550048003,780,261,267,254,0.07,15.4,48.7,244.9,133.3,119.2,"23,630","27,000",2,845.60,"30,680",34.2,3.0,11803.1,83.07,10.83,23.29,53.9,47.54,48,68.00,26.44,73.56,28,25,30,2,19,16,138,139,69,102,87,97,86,40,20,6,16,428,191,145,5.4,0.0,3.1,81.9,9.7
360550049001,992,360,286,334,0.09,16.1,57.5,168.3,123.0,115.9,"19,434","27,000",1,844.03,"31,290",28.8,3.0,11617.2,45.89,4.15,16.47,57.6,15.87,39.6,52.20,28.33,71.67,33,56,30,5,18,27,202,161,82,107,115,121,94,61,39,2,3,621,245,123,3.1,0.3,0.8,79.9,15.8
360550049002,906,349,262,288,0.07,14.3,32.0,289.2,364.2,108.2,"19,434","23,500",3,734.62,"30,111",28.9,3.2,13851.2,45.89,4.15,46.64,59.9,15.87,39.6,52.20,30.37,69.63,27,54,43,2,20,22,171,145,61,92,129,121,72,65,45,3,18,508,194,186,4.8,0.0,0.6,78.4,16.2
360550050001,434,175,162,162,0.05,18.4,50.7,493.1,451.6,82.9,"16,250","25,750",2,812.77,"27,328",37.3,2.6,8493.9,47.16,1.85,56.76,64.3,29.79,55.9,68.60,16.00,84.00,17,26,20,2,19,19,72,71,37,44,56,51,40,33,25,0,1,211,132,90,10.7,0.0,0.6,72.3,16.4
360550050002,627,192,181,198,0.05,6.4,41.5,137.2,114.8,97.3,"16,250","26,800",1,844.03,"25,410",28.9,3.2,13499.7,47.16,1.85,40.30,50.4,29.79,55.9,68.60,32.29,67.71,12,22,23,1,19,25,126,89,65,80,62,85,63,45,9,13,66,295,170,96,2.7,0.0,0.0,85.6,11.8
360550050003,716,272,174,220,0.06,15.4,40.5,128.5,614.5,110.3,"16,250","23,000",2,718.99,"29,739",24.3,3.3,12276.5,47.16,1.85,46.61,49.6,29.79,55.9,68.60,28.68,71.32,26,46,33,1,29,19,123,105,66,87,83,96,82,40,30,6,5,296,247,168,7.5,0.0,1.6,72.7,18.2
360550051001,657,227,152,217,0.05,15.2,53.3,366.8,196.3,156.8,"21,747","23,800",1,744.00,"30,230",23.1,3.0,13403.1,55.75,5.05,14.48,61.1,56.37,36.6,56.40,22.91,77.09,24,31,19,1,24,12,155,102,51,83,65,83,58,35,19,6,16,320,165,156,7.9,0.0,0.9,76.7,14.4
360550051002,784,259,212,238,0.12,20.4,43.4,155.6,86.7,118.6,"21,747","34,700",7,1094.12,"27,858",27.0,3.3,6689.1,55.75,5.05,26.69,44.8,56.37,36.6,56.40,27.03,72.97,28,31,34,0,30,13,172,112,77,91,98,92,76,33,28,4,43,432,157,152,7.0,2.7,1.6,76.7,12.0
360550052001,602,258,138,201,0.06,16.6,91.4,265.8,196.0,134.6,"16,441","24,000",1,750.25,"22,309",22.9,2.8,9376.2,57.89,6.13,31.50,57.0,24.86,59.2,75.20,18.99,81.01,34,60,27,8,18,23,127,69,47,59,72,91,76,35,24,6,13,403,97,89,5.2,0.0,2.4,68.5,23.9
360550052002,992,473,283,348,0.11,25.2,66.5,123.0,126.0,106.9,"16,441","22,800",4,715.87,"30,065",28.5,2.8,9141.1,57.89,6.13,26.81,44.1,24.86,59.2,75.20,21.35,78.65,51,106,49,16,31,35,187,152,73,104,127,118,97,57,71,3,21,524,276,171,9.6,0.2,1.4,64.7,24.1
360550053001,904,275,218,278,0.08,14.4,34.3,133.8,32.1,115.0,"28,174","36,300",5,1134.76,"38,094",24.1,3.3,11911.1,68.35,0.00,3.16,65.8,51.54,33,35.50,42.91,57.09,18,7,18,0,20,19,196,125,94,108,102,105,87,58,26,4,14,582,141,167,2.6,0.0,0.4,94.4,2.6
360550053002,1083,382,295,375,0.11,18.5,32.3,167.1,87.7,131.1,"28,174","23,750",4,750.25,"27,937",27.2,2.9,9783.4,68.35,0.00,32.02,56.2,51.54,33,35.50,21.99,78.01,41,78,24,0,36,14,225,170,94,121,123,120,105,74,40,3,7,576,323,177,10.5,0.0,0.5,67.8,21.1
360550054001,876,312,115,363,0.10,4.6,37.7,81.1,46.8,62.8,"41,712","87,000",4,2727.48,"63,035",13.1,2.4,8774.5,87.64,16.91,4.43,64.2,38.60,19.5,25.60,78.53,21.47,1,4,10,0,0,16,109,75,54,101,160,124,125,77,43,4,0,316,76,484,5.1,0.0,0.0,93.6,1.3
360550054002,811,295,145,329,0.07,6.2,41.9,67.8,8.6,60.4,"41,712","65,700",7,2053.81,"64,249",17.9,2.5,12015.7,87.64,16.91,11.09,70.5,38.60,19.5,25.60,75.25,24.75,5,8,8,0,4,12,121,88,51,87,130,139,106,55,32,6,0,382,113,316,1.0,0.0,0.0,96.3,2.7
360550054003,823,275,237,279,0.06,6.1,32.8,120.3,13.4,92.3,"41,712","44,000",9,1375.46,"49,221",28.8,3.0,13556.3,87.64,16.91,9.24,60.3,38.60,19.5,25.60,43.27,56.73,17,19,20,1,10,14,149,138,58,83,110,119,72,57,28,6,7,496,147,173,1.1,0.0,0.4,91.6,6.9
360550054004,669,215,169,250,0.05,17.9,44.8,110.6,23.9,82.2,"41,712","46,000",3,1437.98,"54,464",25.3,2.7,12439.0,87.64,16.91,2.29,45.6,38.60,19.5,25.60,39.53,60.47,8,11,18,0,8,17,123,100,54,80,89,91,66,35,29,6,5,389,84,191,3.3,0.0,2.3,89.3,5.1
360550054005,690,238,140,259,0.05,7.2,30.4,79.7,10.1,53.6,"41,712","61,400",3,1938.15,"61,202",20.3,2.7,12973.9,87.64,16.91,0.00,67.8,38.60,19.5,25.60,72.27,27.73,4,5,6,0,2,7,109,98,52,76,104,107,77,40,24,1,12,298,119,261,2.1,0.0,0.0,95.8,2.1
360550055001,619,246,200,228,0.06,9.7,33.9,138.9,24.2,155.1,"17,444","28,350",3,887.80,"28,964",32.3,2.7,9969.5,66.64,5.44,17.42,57.3,46.24,42.3,51.00,32.93,67.07,29,26,26,2,21,11,114,85,47,73,77,85,57,36,35,1,13,363,142,101,4.6,0.0,1.3,83.1,11.0
360550055002,542,214,183,192,0.06,12.9,46.1,182.7,206.6,136.5,"17,444","26,950",3,842.47,"25,566",33.8,2.8,9214.9,66.64,5.44,38.64,44.0,46.24,42.3,51.00,25.70,74.30,24,34,29,3,25,15,107,85,43,68,50,71,58,35,23,2,2,340,123,77,5.3,0.0,1.4,76.9,16.3
360550055003,820,310,181,248,0.14,9.8,46.3,178.0,63.4,81.7,"17,444","35,000",3,1379.00,"25,341",22.1,2.9,5715.8,66.64,5.44,6.23,47.4,46.24,42.3,51.00,32.90,67.10,16,53,24,4,10,31,190,154,65,84,106,89,66,43,19,2,5,519,162,134,23.0,0.7,4.9,53.0,18.5
360550056001,817,297,264,257,0.09,40.4,115.1,405.1,195.8,153.0,"15,709","25,500",5,812.77,"29,436",32.3,3.2,8997.7,56.84,4.56,29.96,56.3,33.90,53.8,70.40,24.92,75.08,24,39,32,1,20,29,180,132,72,93,115,77,81,33,29,3,51,484,138,144,8.5,0.3,1.4,76.6,13.2
360550056002,877,288,235,284,0.07,17.1,54.7,232.6,159.6,125.4,"15,709","30,000",6,937.81,"30,273",26.8,3.1,11958.2,56.84,4.56,26.87,30.4,33.90,53.8,70.40,29.86,70.14,25,32,35,1,26,24,173,146,67,100,103,112,86,52,35,10,7,540,191,139,4.9,0.0,1.1,82.7,11.3
360550056003,651,269,167,245,0.10,7.7,90.6,259.6,32.3,95.2,"15,709","31,800",1,1000.34,"27,166",25.7,2.6,6409.6,56.84,4.56,23.77,64.3,33.90,53.8,70.40,26.39,73.61,15,20,18,1,13,24,116,93,64,99,77,70,81,31,19,3,2,428,75,146,26.8,0.0,1.2,64.0,8.0
360550057001,772,201,212,245,0.05,15.5,54.4,149.0,16.8,84.2,"18,817","42,000",6,1336.39,"45,473",27.5,3.2,15317.5,72.83,8.40,32.73,49.8,34.28,64.9,67.90,26.37,73.63,21,12,40,1,23,19,186,131,54,77,92,93,58,48,30,0,5,547,65,155,5.6,0.0,0.0,88.3,6.1
360550057002,566,166,156,197,0.05,19.4,45.9,185.5,12.4,70.7,"18,817","36,000",1,1128.43,"31,051",27.6,2.9,11404.5,72.83,8.40,19.23,31.4,34.28,64.9,67.90,25.90,74.10,17,24,24,1,12,6,106,87,61,78,71,71,57,15,17,2,0,354,129,83,9.8,0.0,1.2,74.4,14.6
360550057003,594,183,143,189,0.05,10.1,42.1,154.9,26.9,136.4,"18,817","34,200",6,1072.23,"26,704",24.1,3.1,11416.3,72.83,8.40,19.86,33.7,34.28,64.9,67.90,22.95,77.05,23,26,21,1,18,11,146,93,46,68,77,72,53,18,19,0,1,413,86,94,9.7,0.0,2.8,72.7,14.8
360550058001,1216,370,264,460,0.12,9.0,43.6,136.5,23.8,66.6,"39,524","74,800",7,2344.54,"55,242",21.7,2.6,10074.5,73.72,17.62,5.17,73.1,9.05,23.4,33.20,59.73,40.27,8,6,27,0,11,33,202,180,89,133,201,170,132,60,43,4,15,643,117,441,4.1,0.0,0.5,93.7,1.6
360550058002,1002,302,225,373,0.07,10.0,35.9,163.7,61.9,95.8,"39,524","53,000",6,1672.44,"61,078",22.5,2.7,14554.6,73.72,17.62,4.22,64.0,9.05,23.4,33.20,52.98,47.02,11,5,24,0,18,24,171,141,72,134,152,149,98,44,36,2,6,497,113,386,6.1,0.0,0.7,91.6,1.7
360550058003,929,255,232,331,0.07,8.6,29.1,120.6,22.6,124.9,"39,524","40,000",4,1250.42,"44,400",25.0,2.8,12934.3,73.72,17.62,13.71,65.9,9.05,23.4,33.20,35.69,64.31,15,9,29,0,22,13,186,143,72,119,113,127,83,53,27,10,2,593,136,198,10.7,0.0,0.8,84.9,3.6
360550058004,834,238,244,275,0.05,7.2,32.4,196.6,57.6,139.1,"39,524","44,000",7,1402.03,"57,856",29.3,3.0,15387.5,73.72,17.62,4.49,63.5,9.05,23.4,33.20,39.08,60.92,12,5,26,0,11,17,175,146,59,85,112,102,70,39,43,8,2,591,113,128,6.5,0.0,0.4,90.9,2.2
360550059001,760,209,249,247,0.08,18.4,36.8,198.7,125.0,151.3,"28,342","33,000",2,1034.72,"34,705",32.8,3.1,9953.5,68.84,23.40,7.30,35.3,47.77,34.9,61.80,26.32,73.68,18,24,42,2,15,19,180,123,59,92,96,87,72,33,15,0,3,533,95,129,3.9,0.0,1.0,83.6,11.6
360550059002,992,407,213,367,0.28,13.1,63.5,227.8,75.6,164.3,"28,342","32,000",5,1031.60,"29,014",21.5,2.7,3568.1,68.84,23.40,0.00,69.3,47.77,34.9,61.80,23.83,76.17,32,44,59,0,30,26,216,110,73,156,140,107,111,42,33,4,4,630,133,225,19.3,1.3,3.6,64.7,11.2
360550060001,861,319,106,380,0.09,4.6,40.7,109.2,16.3,60.4,"40,677","78,000",4,2469.58,"56,427",12.3,2.3,9423.5,86.73,34.75,0.00,72.6,35.36,22.1,25.20,63.64,36.36,3,4,20,0,1,12,108,79,52,132,155,119,113,50,43,3,3,266,71,521,7.5,0.0,1.6,89.6,1.3
360550060002,872,307,117,354,0.09,5.7,33.3,117.0,21.8,33.3,"40,677","75,000",5,2344.54,"51,636",13.4,2.5,9844.2,86.73,34.75,6.61,57.9,35.36,22.1,25.20,69.38,30.62,5,8,8,0,2,19,151,85,57,82,165,136,102,60,29,7,6,221,79,566,1.3,0.3,0.0,95.8,2.6
360550060003,620,291,60,305,0.08,9.7,37.1,56.5,4.8,50.0,"40,677","84,000",2,2625.88,"62,396",9.7,2.0,7919.6,86.73,34.75,7.62,78.1,35.36,22.1,25.20,77.32,22.68,4,10,3,0,2,9,75,41,15,87,126,100,67,47,54,3,10,101,34,475,4.8,0.0,0.3,91.4,3.4
360550060004,1062,324,96,598,0.09,4.7,38.6,87.6,23.5,35.8,"40,677","75,000",4,2375.80,"52,070",9.0,1.8,11223.4,86.73,34.75,4.29,50.1,35.36,22.1,25.20,68.52,31.48,4,4,13,0,6,14,95,83,45,113,174,162,187,89,100,8,4,311,91,656,12.6,0.0,0.3,85.8,1.3
360550061001,863,324,58,412,0.30,1.2,22.0,22.0,2.3,12.7,"55,882","115,000",1,3594.96,"59,215",6.7,2.1,2849.4,94.45,48.74,6.52,68.1,10.51,10.5,7.90,83.33,16.67,4,10,1,0,1,8,116,53,28,121,140,125,127,91,55,3,14,122,34,693,1.2,0.0,0.6,95.1,3.1
360550061002,838,407,53,428,0.13,4.8,31.0,53.7,8.4,16.7,"55,882","101,150",1,3219.83,"65,496",6.3,1.9,6416.6,94.45,48.74,0.00,78.7,10.51,10.5,7.90,78.38,21.62,2,5,5,0,0,14,75,50,20,127,155,111,138,93,61,3,6,76,29,727,5.2,0.0,0.2,93.4,1.2
360550061003,652,330,36,330,0.10,0.0,26.1,18.4,3.1,27.6,"55,882","103,800",2,3244.84,"63,842",5.5,2.0,6727.7,94.45,48.74,4.53,77.6,10.51,10.5,7.90,84.24,15.76,0,6,3,0,0,3,68,31,10,99,152,88,97,66,38,1,6,32,17,597,0.3,0.0,0.3,97.6,1.8
360550062001,1004,298,218,421,0.09,12.9,29.9,176.3,28.9,68.7,"38,050","52,000",5,1652.30,"58,686",21.7,2.4,11170.5,86.19,19.34,21.77,69.1,39.02,32.8,46.40,40.94,59.06,12,12,22,1,13,27,168,131,79,95,100,139,102,67,116,8,6,768,69,161,8.8,0.0,1.0,86.1,4.1
360550062002,1278,429,229,510,0.11,4.7,24.3,117.4,48.5,39.9,"38,050","76,000",9,2375.80,"64,534",17.9,2.5,11254.5,86.19,19.34,8.89,57.6,39.02,32.8,46.40,73.19,26.81,17,1,26,0,4,17,190,137,88,148,161,203,168,90,73,12,5,920,51,302,2.8,0.0,0.0,97.0,0.2
360550062003,802,263,112,346,0.07,1.2,23.7,77.3,33.7,58.6,"38,050","72,050",7,2258.57,"69,910",14.0,2.3,11338.3,86.19,19.34,18.22,69.3,39.02,32.8,46.40,65.40,34.60,10,0,14,0,2,7,97,95,54,102,113,104,115,67,47,0,7,606,32,157,4.2,0.0,0.0,95.8,0.0
360550063001,681,195,171,336,0.07,16.2,66.1,428.8,207.0,58.7,"28,750","28,250",2,883.11,"27,756",25.1,2.0,9588.5,78.21,18.65,49.68,41.5,36.90,39.3,57.70,25.64,74.36,14,31,25,0,4,14,94,73,31,78,59,81,77,61,113,3,1,602,32,46,11.4,0.0,2.6,69.9,16.1
360550063002,999,276,235,369,0.08,8.0,43.0,137.1,92.1,57.1,"28,750","58,700",8,1834.99,"48,324",23.5,2.7,12918.2,78.21,18.65,12.55,38.3,36.90,39.3,57.70,44.20,55.80,10,14,27,0,12,21,152,162,70,113,124,136,113,60,68,0,4,843,60,92,2.9,0.0,0.4,91.7,5.1
360550063003,1391,487,326,478,0.13,9.3,32.4,108.6,30.2,54.6,"28,750","63,000",16,1969.41,"53,310",23.4,2.9,10714.4,78.21,18.65,5.35,57.9,36.90,39.3,57.70,71.46,28.54,17,11,28,1,12,21,197,231,106,120,143,179,177,115,109,1,6,1110,83,192,1.9,0.0,0.0,95.9,2.3
360550064001,614,272,180,234,0.07,11.4,65.1,224.8,231.3,118.9,"25,789","26,000",0,844.03,"29,798",29.3,2.6,9179.3,74.67,9.66,10.99,44.7,31.10,42.5,66.30,27.21,72.79,25,46,22,4,12,13,93,105,52,62,57,76,70,45,51,2,3,546,46,19,4.5,0.0,2.3,75.8,17.4
360550064002,1013,314,301,345,0.10,12.8,52.3,221.1,351.4,90.8,"25,789","31,100",4,1000.34,"27,586",29.7,2.9,10247.9,74.67,9.66,35.82,48.3,31.10,42.5,66.30,28.34,71.66,26,32,43,5,29,21,193,166,78,104,123,116,105,65,56,11,0,898,74,41,3.6,0.0,2.0,84.0,10.5
360550064003,964,355,252,349,0.09,15.6,41.5,162.9,86.1,101.7,"25,789","27,000",5,844.03,"34,218",26.1,2.8,11039.2,74.67,9.66,18.88,58.7,31.10,42.5,66.30,32.11,67.89,21,41,36,3,12,32,183,134,71,114,110,99,112,68,66,7,0,871,56,37,4.6,0.0,1.1,82.5,11.7
360550065001,693,235,197,250,0.08,20.2,69.3,147.2,13.0,114.0,"15,130","27,500",1,875.29,"35,264",28.4,2.8,8258.0,45.53,5.33,44.26,38.0,46.86,43,49.80,26.81,73.19,14,41,24,2,9,15,148,108,48,75,70,87,68,36,45,1,11,646,18,18,1.3,0.0,2.7,77.9,18.1
360550065002,923,287,226,365,0.10,17.3,52.0,283.9,234.0,100.8,"15,130","29,000",2,920.62,"36,009",24.5,2.5,9219.4,45.53,5.33,19.89,64.1,46.86,43,49.80,22.65,77.35,28,25,24,0,10,16,195,136,63,95,88,98,99,73,63,5,8,809,53,53,7.6,0.4,2.5,80.5,9.0
360550066001,803,237,249,254,0.07,22.4,34.9,161.9,235.4,69.7,"29,442","35,000",5,1094.12,"25,130",31.0,3.2,11742.1,72.48,9.90,12.20,56.9,7.06,42.9,58.30,31.22,68.78,16,16,28,1,18,19,194,129,51,92,99,98,56,34,42,1,10,743,39,11,2.1,0.0,1.3,89.7,6.9
360550066002,1165,381,224,429,0.10,16.3,39.5,187.1,170.0,85.0,"29,442","36,000",9,1139.44,"25,517",19.2,2.7,12075.7,72.48,9.90,17.51,54.0,7.06,42.9,58.30,35.96,64.04,26,24,38,0,18,28,200,183,84,134,127,141,124,77,88,9,5,1022,76,62,6.4,0.0,0.3,87.0,6.4
360550067001,1269,422,270,448,0.15,8.7,33.9,163.1,41.8,59.1,"46,915","73,000",11,2282.02,"60,492",21.3,2.8,8736.3,81.47,19.75,15.30,68.5,58.25,16.1,26.60,63.74,36.26,20,8,33,0,10,19,188,197,78,128,146,162,160,125,72,5,8,923,75,263,2.6,0.0,1.0,94.5,1.9
360550067002,1102,336,238,411,0.09,9.1,27.2,126.1,20.9,49.9,"46,915","67,000",7,2094.45,"50,906",21.6,2.7,12221.1,81.47,19.75,21.12,64.0,58.25,16.1,26.60,50.00,50.00,12,1,19,0,7,12,171,187,69,107,132,147,106,86,77,3,0,885,68,149,2.4,0.0,0.3,97.0,0.3
360550067003,695,195,173,272,0.05,18.7,51.8,535.3,154.0,99.3,"46,915","55,000",7,1719.33,"48,600",24.9,2.6,12977.8,81.47,19.75,27.16,74.9,58.25,16.1,26.60,46.67,53.33,8,10,16,0,6,21,118,91,48,105,72,94,90,31,35,0,12,582,22,79,7.2,0.0,0.0,87.7,5.1
360550068001,975,302,154,420,0.08,2.1,26.7,74.9,41.0,35.9,"50,606","60,200",3,1900.64,"56,477",15.8,2.3,12445.9,85.18,31.41,20.59,76.8,40.15,24.9,36.50,60.26,39.74,8,4,21,0,4,23,120,124,74,134,95,148,144,71,55,1,0,685,57,233,4.0,0.0,0.3,94.3,1.3
360550068002,716,266,125,276,0.12,5.6,29.3,104.7,19.6,39.1,"50,606","61,550",8,1928.77,"54,217",17.5,2.6,6202.6,85.18,31.41,18.76,67.1,40.15,24.9,36.50,63.91,36.09,7,5,22,0,1,22,102,102,48,92,96,94,100,52,29,2,11,469,42,194,6.4,0.0,2.7,89.0,1.9
360550068003,1137,438,238,461,0.21,1.8,31.7,65.1,9.7,46.6,"50,606","63,000",6,1969.41,"54,195",20.9,2.5,5511.0,85.18,31.41,5.84,75.6,40.15,24.9,36.50,70.09,29.91,10,7,32,0,6,17,152,150,72,138,167,165,154,73,57,7,7,693,68,369,2.7,0.0,0.2,95.4,1.6
360550069001,712,280,172,247,0.07,8.4,50.6,108.1,8.4,68.8,"18,145","36,000",2,1150.39,"31,727",24.2,2.9,10500.6,70.51,8.66,21.90,68.3,57.89,50.3,76.60,36.07,63.93,16,25,28,0,11,14,108,121,62,87,69,70,70,72,48,2,4,602,30,76,4.0,0.0,1.1,85.9,9.1
360550069002,1195,347,258,573,0.19,9.2,34.3,107.1,23.4,61.1,"18,145","30,000",6,969.08,"31,620",21.6,2.1,6244.8,70.51,8.66,22.67,56.2,57.89,50.3,76.60,31.41,68.59,28,34,30,1,8,22,190,138,89,157,106,109,121,113,156,4,17,918,82,178,6.4,1.5,0.6,81.7,9.9
360550070001,1309,441,308,489,0.12,3.1,35.9,92.4,18.3,45.8,"41,330","57,000",7,1781.85,"52,775",23.5,2.6,11344.6,94.08,24.43,7.28,67.4,28.62,16,26.00,52.83,47.17,11,11,20,0,5,28,189,175,117,169,150,173,156,99,71,5,15,1033,61,200,3.6,0.0,1.4,92.5,2.5
360550070002,1070,321,145,434,0.09,4.7,23.4,98.1,27.1,30.8,"41,330","63,400",5,1981.91,"48,231",13.6,2.5,11859.9,94.08,24.43,8.89,65.8,28.62,16,26.00,48.60,51.40,6,5,18,0,2,17,109,104,151,230,106,127,111,74,50,1,21,566,71,412,2.5,0.0,0.9,95.0,1.6
360550070003,584,263,48,252,0.20,0.0,22.3,106.2,32.5,61.6,"41,330","71,000",4,2282.02,"53,661",8.2,2.3,2954.5,94.08,24.43,3.58,61.0,28.62,16,26.00,60.46,39.54,5,33,42,0,3,10,46,38,61,153,62,63,72,53,29,2,31,206,24,323,1.4,0.0,1.4,85.6,11.6
360550071001,762,247,142,284,0.06,2.6,31.5,47.2,5.2,35.4,"42,961","59,700",8,1866.25,"51,424",18.6,2.7,12613.6,81.42,21.43,0.00,59.3,47.36,20.6,33.40,62.35,37.65,7,2,19,0,3,11,110,98,60,101,97,99,95,66,31,2,16,586,38,122,0.0,0.0,0.0,99.2,0.8
360550071002,1131,407,160,444,0.10,0.9,23.9,59.2,0.0,38.0,"42,961","68,000",13,2125.71,"52,591",14.1,2.6,11199.6,81.42,21.43,16.54,78.1,47.36,20.6,33.40,67.32,32.68,13,9,25,0,5,20,147,129,73,171,135,184,148,82,49,2,13,673,70,375,1.0,0.0,0.0,96.8,2.2
360550071003,629,200,159,233,0.04,6.4,38.2,146.3,17.5,57.2,"42,961","52,000",1,1625.55,"61,055",25.3,2.7,14282.9,81.42,21.43,10.53,51.9,47.36,20.6,33.40,49.50,50.50,9,8,22,0,3,12,107,91,42,69,80,82,72,52,28,0,8,516,44,61,8.6,0.0,0.0,87.3,4.1
360550071004,655,233,96,274,0.07,0.0,27.5,76.3,4.6,30.5,"42,961","67,500",6,2110.08,"47,193",14.7,2.4,9101.4,81.42,21.43,9.29,54.8,47.36,20.6,33.40,65.67,34.33,3,2,13,0,0,17,84,70,58,82,87,94,99,53,23,0,5,373,25,252,0.4,0.0,0.4,98.3,0.9
360550075001,1051,310,194,474,0.19,8.6,133.2,206.5,49.5,103.7,"21,594","40,100",4,1281.68,"51,149",18.5,2.2,5444.3,74.30,3.98,9.17,30.6,36.12,34.1,43.60,34.19,65.81,20,16,42,0,17,21,133,136,87,109,92,130,133,121,92,8,8,793,92,158,10.7,1.6,2.9,79.6,5.2
360550075002,773,181,184,292,0.06,6.5,42.7,100.9,49.2,94.4,"21,594","59,100",5,1853.75,"45,299",23.8,2.7,12227.3,74.30,3.98,5.37,58.4,36.12,34.1,43.60,48.07,51.93,16,5,15,0,12,14,124,116,58,89,71,129,90,49,39,0,2,645,51,75,8.3,0.0,2.2,86.7,2.8
360550075003,1101,345,293,390,0.09,7.3,24.5,204.4,79.9,78.1,"21,594","45,600",6,1425.48,"51,374",26.6,2.8,12320.9,74.30,3.98,3.83,55.6,36.12,34.1,43.60,45.51,54.49,21,4,34,0,16,29,197,164,93,120,108,146,138,78,51,7,2,927,50,122,4.6,0.0,0.9,93.3,1.2
360550076001,790,338,38,357,0.16,1.3,22.8,36.7,2.5,16.5,"51,484","182,000",2,5689.41,"71,921",4.8,2.2,4981.7,88.71,50.72,6.62,68.3,38.25,11.6,10.00,80.47,19.53,2,8,6,0,0,4,67,51,16,86,112,112,152,91,90,1,8,53,19,710,2.4,0.0,1.5,93.8,2.4
360550076002,748,349,64,362,0.10,2.7,32.1,65.5,10.7,25.4,"51,484","73,000",6,2282.02,"49,378",8.6,2.1,7277.6,88.71,50.72,15.33,80.1,38.25,11.6,10.00,71.92,28.08,6,9,7,0,1,18,85,58,35,117,144,109,97,65,27,6,6,117,66,559,5.2,0.3,0.9,91.1,2.6
360550076003,775,360,50,370,0.10,1.3,28.4,68.4,9.0,33.5,"51,484","90,000",7,2813.44,"71,228",6.5,2.1,7389.8,88.71,50.72,7.43,86.9,38.25,11.6,10.00,88.33,11.67,5,2,8,0,1,7,83,41,21,124,163,122,119,64,34,2,10,132,43,590,1.9,0.0,0.8,96.7,0.6
360550076004,625,267,77,300,0.14,12.8,64.0,180.8,24.0,56.0,"51,484","75,000",2,2344.54,"47,212",12.3,2.1,4510.1,88.71,50.72,14.47,68.6,38.25,11.6,10.00,65.17,34.83,5,3,5,0,1,9,67,49,38,88,100,121,82,39,34,9,0,160,69,396,12.0,2.6,0.7,83.5,1.1
360550077001,1122,265,46,588,0.18,1.8,13.4,13.4,4.5,7.1,"47,000","129,000",1,4126.38,"68,509",4.1,1.8,6380.0,88.31,47.29,7.79,61.1,50.00,7.7,8.40,78.11,21.89,0,14,22,0,0,4,79,61,30,202,130,151,151,87,221,1,31,141,53,897,4.0,2.0,2.0,86.6,5.5
360550077002,761,361,54,378,0.27,0.0,27.6,46.0,7.9,31.5,"47,000","104,550",1,3313.61,"69,524",7.1,2.0,2803.8,88.31,47.29,0.82,80.0,50.00,7.7,8.40,69.25,30.75,6,4,9,0,2,13,73,48,23,123,138,124,115,54,52,9,12,67,43,639,11.1,1.4,0.8,85.6,1.1
360550077003,907,299,87,435,0.11,2.2,19.8,63.9,3.3,59.5,"47,000","83,000",2,2594.62,"74,751",9.6,2.1,8244.6,88.31,47.29,1.43,61.4,50.00,7.7,8.40,67.56,32.44,2,6,7,0,1,9,92,69,39,146,169,114,132,69,69,6,11,168,60,668,4.8,0.3,0.3,92.5,2.0
360550078011,1123,291,16,531,0.09,0.9,14.2,82.8,0.0,24.9,"51,522","200,000",0,6252.10,"87,204",1.4,2.1,13179.0,94.35,63.61,5.64,86.7,2.35,13.8,33.80,52.58,47.42,1,6,19,0,1,29,62,16,88,468,168,97,93,83,41,3,29,66,28,1000,8.1,0.0,0.0,89.6,2.2
360550078012,1335,435,22,925,0.28,1.5,61.4,95.9,4.5,30.0,"51,522","183,000",0,6236.47,"76,168",1.6,1.4,4756.1,94.35,63.61,5.03,51.6,2.35,13.8,33.80,39.31,60.69,0,16,139,0,0,39,34,21,41,340,150,137,163,146,286,1,40,80,40,1175,22.0,2.5,4.6,65.9,5.0
360550078021,596,298,19,310,0.31,1.7,26.8,36.9,0.0,31.9,"71,971","175,000",1,5470.58,"68,752",3.2,1.9,1946.3,91.34,63.12,0.00,85.9,8.42,2.4,0.00,74.50,25.50,0,19,9,0,0,10,58,28,11,70,70,86,100,92,73,0,27,39,23,507,6.7,1.3,1.0,84.6,6.4
360550078022,899,400,32,455,0.53,0.0,13.3,38.9,8.9,62.3,"71,971","176,000",2,5626.89,"73,905",3.6,2.0,1709.0,91.34,63.12,3.70,70.5,8.42,2.4,0.00,73.50,26.50,0,27,13,0,0,9,73,51,17,91,115,114,188,150,84,3,16,53,24,806,2.6,0.0,2.3,88.2,6.9
360550079001,1204,419,324,430,0.13,13.3,52.3,291.5,260.8,93.9,"21,964","36,000",9,1125.38,"46,803",26.9,2.8,9028.5,62.82,3.41,19.39,51.1,59.74,67.8,88.50,36.75,63.25,37,34,51,1,12,26,249,168,83,145,140,152,139,65,57,6,18,552,243,391,7.3,0.5,1.5,82.5,8.3
360550079002,711,232,215,229,0.06,25.3,39.4,257.4,275.7,116.7,"21,964","33,700",1,1053.48,"44,936",30.2,3.1,11163.8,62.82,3.41,26.13,20.8,59.74,67.8,88.50,32.76,67.24,19,14,30,0,12,10,150,106,53,83,104,92,59,33,27,3,0,428,122,161,4.0,1.3,0.9,87.7,6.2
360550080001,1055,341,269,354,0.08,12.3,50.2,163.0,121.3,74.9,"27,404","38,000",7,1187.90,"44,561",25.5,3.0,13677.8,60.83,6.43,8.80,42.0,22.61,41.3,58.30,34.31,65.69,22,36,35,1,13,25,193,164,68,119,137,152,124,67,27,4,9,590,240,216,7.6,0.3,0.6,80.6,10.9
360550080002,539,185,195,190,0.05,24.1,76.1,209.6,37.1,103.9,"27,404","32,000",3,1000.34,"33,146",36.2,2.8,10145.7,60.83,6.43,20.87,48.8,22.61,41.3,58.30,28.11,71.89,18,18,29,2,16,10,127,61,40,53,77,62,50,33,33,0,0,310,120,109,5.1,0.6,3.4,80.9,10.1
360550080003,805,254,226,257,0.06,7.5,41.0,109.3,34.8,79.5,"27,404","38,500",2,1203.53,"40,377",28.1,3.1,14035.2,60.83,6.43,30.61,62.7,22.61,41.3,58.30,43.70,56.30,13,6,24,1,8,10,139,130,45,81,107,109,96,58,34,1,4,493,168,140,4.8,0.4,2.0,90.4,2.4
360550081001,1134,390,204,411,0.25,15.9,97.0,318.3,66.1,72.3,"28,586","57,000",9,1813.11,"44,218",18.0,2.5,4549.0,80.83,10.36,8.81,61.8,27.80,21.4,38.70,61.54,38.46,10,11,20,0,1,17,136,144,64,122,122,163,143,103,127,6,33,417,239,445,7.8,0.0,1.3,88.1,2.8
360550081002,1153,329,283,351,0.07,6.9,30.4,115.4,104.9,79.8,"28,586","42,000",9,1312.94,"43,716",24.5,3.2,16786.2,80.83,10.36,13.65,66.5,27.80,21.4,38.70,42.86,57.14,14,8,42,0,12,18,214,193,99,137,158,149,105,59,35,12,8,664,219,262,2.5,0.0,0.9,94.2,2.5
360550081003,1003,364,246,350,0.08,6.0,32.9,103.7,13.0,60.8,"28,586","44,000",9,1375.46,"41,331",24.5,2.9,12015.9,80.83,10.36,0.00,62.8,27.80,21.4,38.70,59.34,40.66,17,15,25,1,5,14,167,129,78,97,135,146,114,72,56,6,16,464,188,335,1.7,0.0,0.3,93.9,4.2
360550081004,1100,318,163,478,0.19,6.4,395.5,132.7,7.3,80.9,"28,586","60,500",7,1906.89,"47,800",14.8,2.3,5889.6,80.83,10.36,10.31,54.5,27.80,21.4,38.70,63.21,36.79,10,25,17,0,3,19,148,79,68,164,149,164,139,80,99,7,31,362,211,496,9.0,0.0,1.3,81.7,8.0
360550082001,1077,422,196,425,0.12,15.8,31.6,72.4,16.7,56.6,"42,821","56,000",6,1750.59,"49,762",18.2,2.5,9044.1,74.90,13.21,3.39,73.1,25.57,19.5,24.40,63.03,36.97,9,17,24,0,2,24,162,120,54,152,144,150,131,73,83,3,14,395,205,463,3.8,0.0,0.5,91.7,4.0
360550082002,941,295,229,323,0.08,8.5,22.3,102.0,82.9,62.7,"42,821","52,000",3,1625.55,"55,214",24.3,2.9,11402.0,74.90,13.21,19.56,83.4,25.57,19.5,24.40,61.02,38.98,5,8,9,1,0,22,153,147,60,113,119,146,97,48,52,5,13,436,173,319,5.1,0.0,0.7,91.5,2.7
360550082003,1055,328,259,351,0.07,3.8,22.7,109.0,161.1,66.4,"42,821","51,200",9,1606.79,"55,443",24.5,3.0,14582.2,74.90,13.21,15.43,69.3,25.57,19.5,24.40,62.80,37.20,11,7,11,0,10,12,170,169,91,116,138,156,111,66,34,1,3,531,255,266,4.3,0.0,0.0,93.6,2.1
360550083011,804,150,164,366,0.12,12.4,38.6,150.5,19.9,49.8,"33,621","68,950",0,2156.97,"43,830",20.4,2.2,6778.4,77.42,15.82,17.70,70.9,24.97,20,27.50,63.33,36.67,2,9,11,0,1,9,170,81,53,132,107,97,79,41,41,0,8,329,151,316,13.2,0.0,2.1,78.5,6.3
360550083012,1027,424,179,418,0.12,2.9,21.4,45.8,2.9,57.4,"33,621","62,750",6,1961.60,"48,181",17.4,2.5,8253.8,77.42,15.82,14.08,67.0,24.97,20,27.50,76.42,23.58,9,17,6,0,2,10,140,103,57,124,130,148,143,76,95,6,16,255,172,584,0.7,0.0,0.0,95.3,4.0
360550083013,1308,503,281,544,0.25,6.1,27.5,74.9,34.4,55.8,"33,621","62,000",7,1938.15,"46,664",21.5,2.4,5276.5,77.42,15.82,5.95,55.8,24.97,20,27.50,70.97,29.03,9,18,13,0,4,28,199,135,83,127,195,212,173,95,76,2,9,498,241,560,2.8,0.2,1.0,92.4,3.6
360550083014,909,214,74,414,0.13,1.1,23.1,79.2,11.0,18.7,"33,621","73,000",5,2282.02,"44,340",8.1,2.2,6821.2,77.42,15.82,9.21,53.8,24.97,20,27.50,81.31,18.69,2,7,3,0,0,7,162,62,65,115,118,142,115,71,50,3,9,326,124,450,1.4,0.0,0.5,94.8,3.3
360550084001,997,347,224,360,0.09,10.0,28.1,88.3,14.0,63.2,"32,961","49,000",4,1531.76,"52,830",22.5,2.8,11298.2,70.96,6.07,24.86,46.3,16.85,29.3,34.50,50.43,49.57,9,21,25,0,3,15,161,141,68,123,130,130,118,74,42,6,30,484,205,278,4.3,0.0,0.3,89.3,6.1
360550084002,913,323,221,318,0.07,4.4,40.5,88.7,4.4,100.8,"32,961","45,850",4,1436.42,"61,281",24.2,2.9,13100.5,70.96,6.07,19.88,56.9,16.85,29.3,34.50,53.56,46.44,7,19,23,0,4,9,173,129,79,83,108,124,118,58,37,4,1,434,210,268,1.6,0.0,0.6,91.8,6.0
360550084003,1002,309,309,299,0.09,11.0,33.9,71.9,28.9,84.8,"32,961","45,000",10,1406.72,"58,345",30.8,3.4,11663.0,70.96,6.07,39.56,38.1,16.85,29.3,34.50,40.78,59.22,24,14,40,0,12,20,215,180,67,113,132,109,97,42,40,1,32,570,188,212,7.8,1.3,0.6,85.8,4.5
360550085001,840,371,142,501,0.32,7.1,64.3,209.5,14.3,109.5,"28,022","78,000",4,2471.69,"60,428",16.9,1.7,2594.3,84.29,23.22,16.75,49.0,49.75,19.6,23.50,43.13,56.87,4,55,16,0,3,26,62,38,42,101,74,117,166,128,104,6,2,39,38,761,14.9,0.8,8.6,60.8,14.9
360550085002,1978,600,126,1031,0.40,4.0,20.7,81.9,14.7,32.9,"28,022","78,000",11,2449.26,"46,742",6.4,1.9,4994.7,84.29,23.22,15.13,57.8,49.75,19.6,23.50,66.50,33.50,8,49,20,1,6,34,240,145,93,227,237,287,322,215,197,6,26,245,130,1577,4.2,0.0,0.3,87.3,8.2
360550085003,860,371,24,333,0.35,0.0,12.8,16.3,1.2,23.3,"28,022","84,000",1,2657.14,"74,120",2.8,1.9,2451.3,84.29,23.22,7.24,53.7,49.75,19.6,23.50,57.68,42.32,3,90,14,0,0,12,22,45,21,75,68,91,167,131,218,5,4,28,26,802,1.1,0.0,0.8,73.4,24.7
360550086001,1483,547,138,740,1.04,0.7,42.5,74.2,21.6,39.8,"43,983","88,000",6,2750.92,"47,965",9.3,2.0,1429.8,88.07,24.36,10.29,71.7,35.22,7.9,11.60,71.12,28.88,7,50,19,0,5,12,158,110,50,186,182,225,229,141,189,3,34,115,81,1253,4.8,0.5,1.1,84.5,9.1
360550086002,949,421,108,425,0.12,0.0,22.1,37.9,2.1,43.2,"43,983","85,650",4,2677.46,"65,684",11.4,2.2,7818.3,88.07,24.36,11.98,79.2,35.22,7.9,11.60,86.22,13.78,10,5,5,0,3,8,125,67,33,127,153,144,151,72,65,9,7,90,60,792,0.2,0.0,0.0,98.6,1.2
360550086003,1567,527,168,751,0.21,3.8,26.8,61.9,12.8,31.3,"43,983","79,550",5,2500.84,"51,711",10.7,2.1,7478.8,88.07,24.36,11.34,73.1,35.22,7.9,11.60,80.27,19.73,12,25,10,0,4,5,186,104,84,251,249,219,241,104,108,5,11,242,92,1222,2.3,0.0,1.5,91.4,4.8
360550086004,576,279,46,264,0.55,5.2,31.3,59.0,8.7,64.2,"43,983","75,000",3,2344.54,"47,015",8.0,2.2,1053.0,88.07,24.36,2.70,74.0,35.22,7.9,11.60,77.78,22.22,3,14,6,0,2,10,76,38,19,80,81,80,94,54,48,1,5,45,36,490,3.9,0.0,1.1,90.0,5.0
360550087011,841,347,146,331,0.11,2.4,38.0,116.5,14.3,77.3,"32,266","60,700",6,1897.51,"51,784",17.4,2.5,7643.6,73.12,5.24,9.89,60.6,30.26,25.7,37.80,75.22,24.78,7,12,8,0,0,4,126,94,34,91,110,134,125,60,61,10,81,307,66,387,2.0,0.0,0.3,94.2,3.5
360550087012,826,340,167,301,0.13,3.6,32.7,101.7,20.6,105.3,"32,266","44,300",5,1406.72,"37,304",20.2,2.7,6225.9,73.12,5.24,5.79,55.9,30.26,25.7,37.80,45.59,54.41,15,32,27,0,6,15,127,114,56,107,84,111,124,49,50,6,67,240,120,399,13.2,2.4,0.0,75.0,9.4
360550087013,1091,393,182,433,0.25,2.7,44.9,92.6,103.6,88.0,"32,266","55,000",5,1719.33,"45,914",16.7,2.5,4376.9,73.12,5.24,6.72,66.6,30.26,25.7,37.80,64.89,35.11,5,11,16,2,2,21,148,111,66,137,150,173,137,82,79,11,130,309,143,509,6.4,1.0,1.8,88.0,2.8
360550087014,938,417,175,437,0.91,8.5,87.4,171.6,38.4,53.3,"32,266","56,000",4,1794.35,"48,083",18.7,2.2,1034.2,73.12,5.24,20.49,52.5,30.26,25.7,37.80,42.69,57.31,8,60,24,0,2,24,123,84,48,108,108,130,134,94,99,8,60,327,122,429,25.6,6.8,2.2,50.7,14.6
360550087021,809,406,154,361,0.60,8.7,97.7,123.6,26.0,91.5,"27,188","50,000",6,1617.73,"44,501",19.0,2.2,1359.6,76.62,2.41,4.52,58.6,37.57,42.6,57.50,41.63,58.37,14,30,36,0,7,16,108,75,39,98,112,118,138,62,51,6,30,306,89,384,18.7,6.2,3.7,64.0,7.4
360550087022,690,255,176,213,0.39,10.1,69.6,134.8,29.0,68.1,"27,188","44,250",3,1391.09,"52,944",25.5,3.0,1770.1,76.62,2.41,0.00,70.2,37.57,42.6,57.50,49.02,50.98,18,9,27,0,11,12,108,102,58,66,95,96,90,48,26,1,0,449,47,194,8.2,4.7,3.5,80.0,3.5
360550088001,1369,442,305,469,0.17,7.3,37.3,100.1,110.3,89.1,"32,027","59,800",9,1872.50,"45,656",22.3,2.9,8280.5,75.89,6.10,17.01,63.6,12.29,32,53.00,66.52,33.48,11,12,20,0,2,15,228,220,95,114,223,205,147,77,49,14,61,587,206,515,4.5,0.5,0.2,92.1,2.7
360550088002,1211,487,184,521,0.66,3.3,62.8,57.8,24.8,55.3,"32,027","60,500",7,1906.89,"45,195",15.2,2.3,1830.0,75.89,6.10,6.45,62.8,12.29,32,53.00,48.87,51.13,7,31,68,0,3,21,185,111,68,130,167,157,198,102,79,3,73,513,100,525,13.3,5.7,1.4,72.5,7.1
360550092001,578,182,96,279,0.27,26.0,84.8,399.7,86.5,76.1,"19,211","29,900",0,1070.67,"37,846",16.6,2.1,2175.1,54.36,12.50,9.82,50.0,22.08,34,32.30,19.78,80.22,12,25,23,0,10,15,75,76,44,52,76,92,93,43,22,1,0,297,157,124,30.5,11.3,9.0,35.0,14.1
360550092002,725,146,195,305,0.14,2.8,46.9,125.5,30.3,62.1,"19,211","25,000",1,823.90,"28,336",26.9,2.4,5331.7,54.36,12.50,24.14,48.6,22.08,34,32.30,21.92,78.08,17,25,6,0,18,6,128,125,42,75,87,86,75,52,51,1,3,223,277,222,31.0,4.9,4.9,41.5,17.6
360550093011,650,176,148,243,0.18,26.2,144.6,350.8,310.8,55.4,"13,229","22,750",3,826.15,"39,847",22.8,2.6,3570.4,59.21,14.97,53.24,32.6,20.27,68.8,78.80,9.66,90.34,8,43,21,0,4,8,125,112,57,77,82,72,60,33,28,2,0,425,136,89,38.2,5.2,11.6,20.2,24.9
360550093012,983,355,165,420,0.14,17.3,60.0,276.7,176.0,76.3,"13,229","35,700",3,1156.64,"27,899",16.8,2.3,6853.2,59.21,14.97,23.85,76.8,20.27,68.8,78.80,18.31,81.69,25,36,38,0,18,47,187,114,61,167,128,117,111,54,40,1,7,568,150,258,21.9,0.9,1.9,64.2,11.1
360550093013,746,297,210,243,0.09,17.4,55.0,132.7,97.9,97.9,"13,229","23,500",1,750.25,"26,932",28.2,3.0,8026.5,59.21,14.97,27.09,43.5,20.27,68.8,78.80,13.80,86.20,13,84,38,0,14,23,149,121,67,72,85,92,86,34,37,2,0,389,211,146,11.7,1.1,5.5,50.9,30.8
360550093021,537,176,29,329,0.07,24.2,188.1,335.2,14.9,26.1,"19,142","101,000",3,3438.65,"136,484",5.4,1.4,7613.0,84.38,34.65,0.00,71.9,9.24,35.7,64.50,14.20,85.80,3,8,7,0,0,29,42,20,40,177,90,86,45,22,13,1,34,162,29,312,60.2,0.0,3.4,31.8,4.5
360550093022,915,257,29,593,0.12,18.6,107.1,230.6,71.0,35.0,"19,142","106,100",0,3726.25,"100,407",3.2,1.5,7920.1,84.38,34.65,10.95,74.6,9.24,35.7,64.50,22.18,77.82,3,17,14,0,2,44,50,15,78,313,149,128,120,37,17,6,20,220,71,604,47.4,0.0,2.0,43.8,6.8
360550094001,1047,270,6,447,0.15,10.5,164.3,235.0,35.3,17.2,"11,709","180,000",2,8238.97,"230,438",0.6,1.5,7142.4,75.71,21.30,4.95,56.6,11.43,53.3,52.70,17.41,82.59,3,24,47,0,7,29,21,13,386,279,104,75,68,48,48,1,179,107,42,719,53.6,1.7,8.9,25.5,10.2
360550094002,1001,127,83,728,0.23,17.0,157.8,647.4,63.9,32.0,"11,709","233,500",3,15840.80,"432,255",8.3,1.4,4409.0,75.71,21.30,29.81,57.4,11.43,53.3,52.70,3.15,96.85,3,26,38,0,0,27,64,56,34,156,152,147,189,98,87,3,51,416,72,462,60.5,0.8,16.8,0.0,21.8
360550094003,1272,231,0,73,0.22,7.9,88.1,214.6,139.9,14.2,"11,709","125,000",2,6865.81,"458,379",0.0,1.2,5755.1,75.71,21.30,45.83,4.1,11.43,53.3,52.70,3.03,96.97,4,24,26,0,3,39,1,53,192,306,296,268,130,23,2,0,10,760,5,497,75.3,1.3,8.7,4.3,10.4
360550094004,1110,152,37,784,0.12,32.4,183.8,709.9,91.0,18.0,"11,709","138,600",3,7612.81,"421,930",3.3,1.2,8910.0,75.71,21.30,29.28,27.9,11.43,53.3,52.70,5.26,94.74,7,8,19,0,2,16,38,23,38,191,144,190,235,113,114,9,9,420,119,562,85.6,0.7,7.5,0.7,5.5
360550095001,830,176,37,514,0.10,3.6,65.1,110.8,18.1,45.8,"34,943","150,000",3,5126.72,"85,365",4.5,1.6,8526.8,86.65,34.37,10.02,80.7,5.89,27,40.80,43.75,56.25,2,29,7,0,6,24,46,22,38,262,174,104,91,58,30,3,123,182,38,487,28.4,0.0,0.6,54.5,16.5
360550095002,1158,326,51,557,0.13,4.3,42.3,63.0,7.8,26.8,"34,943","129,950",5,4095.12,"74,814",4.4,1.9,9162.9,86.65,34.37,8.82,63.7,5.89,27,40.80,57.36,42.64,2,19,29,0,1,16,110,70,48,226,184,171,139,107,86,7,26,545,50,537,6.2,0.0,3.3,84.3,6.2
360550095003,975,139,232,410,0.13,10.3,48.2,147.7,23.6,48.2,"34,943","110,000",0,3438.65,"71,396",23.8,2.4,7638.6,86.65,34.37,11.67,73.8,5.89,27,40.80,39.57,60.43,1,14,15,0,1,9,219,125,64,139,131,98,105,53,36,1,3,756,57,159,17.8,0.8,8.5,62.0,10.9
360550096011,678,243,139,224,0.08,33.9,72.3,265.5,69.3,54.6,"20,833","26,700",1,862.79,"47,429",20.5,2.5,8158.1,64.71,4.43,38.80,48.1,10.23,35,60.70,22.63,77.37,19,42,20,3,20,17,133,78,31,64,72,108,84,58,46,0,7,584,27,60,21.8,0.0,2.9,57.7,17.6
360550096012,865,310,229,375,0.15,22.0,97.1,300.6,247.4,28.9,"20,833","45,000",3,1652.12,"28,469",26.5,2.3,5723.5,64.71,4.43,10.60,49.6,10.23,35,60.70,26.13,73.87,19,31,33,4,11,41,152,119,57,107,95,140,112,51,26,2,4,682,77,102,27.4,2.7,4.8,54.5,10.6
360550096021,964,487,303,358,0.18,15.6,48.8,162.9,41.5,155.6,"25,898","22,800",3,718.99,"25,712",31.4,2.7,5493.9,68.32,5.96,36.39,54.3,14.63,68.3,90.40,21.36,78.64,43,106,49,7,31,24,166,154,66,107,116,148,102,60,41,2,4,638,118,204,11.4,0.8,1.3,64.1,22.4
360550096022,676,277,201,235,0.12,13.3,48.8,137.6,8.9,106.5,"25,898","25,400",2,809.65,"41,069",29.7,2.9,5592.5,68.32,5.96,23.79,52.8,14.63,68.3,90.40,22.74,77.26,22,30,37,3,25,30,143,113,42,74,92,80,65,37,27,5,1,340,118,217,11.3,2.5,1.1,74.2,10.9
360550096031,771,325,240,260,0.08,32.4,71.3,256.8,651.1,153.0,"18,634","23,550",3,750.25,"38,390",31.1,3.0,9480.3,67.88,5.49,38.99,37.7,8.21,48.8,81.50,22.77,77.23,32,44,36,7,18,27,152,111,69,63,117,97,74,48,33,2,30,382,104,255,8.9,0.6,0.3,76.3,13.9
360550096032,534,180,130,198,0.06,18.7,73.0,147.9,31.8,110.5,"18,634","25,000",0,784.64,"40,334",24.3,2.6,8656.6,67.88,5.49,11.20,42.4,8.21,48.8,81.50,25.56,74.44,18,16,25,1,15,16,97,62,42,63,42,62,80,37,44,5,4,233,88,209,8.0,0.6,2.3,79.9,9.2
360550096033,967,352,241,339,0.18,10.3,56.9,251.3,108.6,154.1,"18,634","30,000",6,937.81,"36,915",24.9,2.9,5310.8,67.88,5.49,9.42,56.7,8.21,48.8,81.50,25.28,74.72,20,31,38,1,14,28,192,132,73,104,125,125,119,54,38,2,44,362,179,382,13.3,3.2,0.9,73.8,8.9
360550096041,663,268,183,223,0.08,7.5,78.4,229.3,67.9,144.8,"17,308","22,000",8,718.99,"29,340",27.6,3.0,7812.5,49.37,3.29,6.00,53.4,7.37,61.6,90.40,23.51,76.49,33,41,47,18,24,31,145,111,58,76,75,76,63,36,19,2,10,324,101,228,7.1,0.0,3.2,73.5,16.2
360550096042,453,207,134,167,0.06,8.8,77.3,6.6,37.5,79.5,"17,308","20,000",5,625.21,"27,756",29.6,2.7,8169.2,49.37,3.29,18.18,49.2,7.37,61.6,90.40,16.91,83.09,17,41,46,3,13,10,93,72,34,55,61,52,46,19,15,5,5,196,128,124,13.9,0.0,1.2,60.2,24.7
